n_wpp_questions,wpp_to_faq_annotation,llm_question,justificativa
1,57; 56,"[56, 71, 97]","As perguntas 56, 71 e 97 do FAQ são as mais similares à pergunta do usuário porque tratam de ações orçamentárias, sua inclusão no Plano Plurianual e a possibilidade de alteração ou utilização de ações orçamentárias de outras Unidades de Planejamento, o que está relacionado à adequação das ações orçamentárias às iniciativas propostas no Plano 24-27."
2,109; 110,"[109, 108, 86]","A pergunta do usuário está relacionada a problemas de acesso ao SIPLAG, o que é abordado nas perguntas 109, 108 e 86 do FAQ. A pergunta 109 trata de como solicitar acesso ao SIPLAG, a pergunta 108 explica como acessar o sistema e a pergunta 86 discute a atividade de revisão do PPA no SIPLAG, que pode estar relacionada ao problema de acesso do usuário."
3,109; 110,"[109, 108, 86]","A pergunta do usuário está relacionada ao acesso ao SIPLAG e senha, então as perguntas do FAQ que são mais similares são aquelas que tratam do acesso ao sistema, como a pergunta 109 que fala sobre solicitar acesso, a pergunta 108 que fala sobre como acessar o sistema e a pergunta 86 que fala sobre inserir informações no sistema durante a atividade de revisão."
4,109; 110,"[108, 109, 86]","As perguntas 108, 109 e 86 são as mais semantically similares à pergunta do usuário, pois todas elas estão relacionadas ao acesso e utilização do Sistema de Inteligência em Planejamento e Gestão (SIPLAG), que é mencionado na pergunta do usuário. A pergunta 108 fornece informações sobre como acessar o SIPLAG, a pergunta 109 ajuda a resolver problemas de acesso e a pergunta 86 fornece informações sobre a atividade de revisão do PPA no SIPLAG, que pode estar relacionada ao cadastro de usuário para acesso ao sistema."
7,107,"[109, 108, 103]","A pergunta do usuário está relacionada a um problema de acesso ao site da REDEPLAN e ao Sistema de Inteligência em Planejamento e Gestão (Siplag), portanto, as perguntas do FAQ que melhor se encaixam são: 109, que trata de como solicitar acesso ao SIPLAG, 108, que explica como acessar o SIPLAG, e 103, que fornece informações sobre a Rede de Planejamento (REDEPLAN), que pode ser útil para entender melhor o contexto do problema."
8,50,"[49, 72, 108]","As perguntas do FAQ 49, 72 e 108 são relevantes para a pergunta do usuário pois tratam de metas físicas dos produtos, monitoramento do Plano Plurianual e acesso ao Sistema de Inteligência em Planejamento e Gestão (Siplag), que são conceitos relacionados à emissão de relatórios sobre metas físicas dos produtos no SIPLAG PPA."
14,67; 69,"[66, 69, 96]","As perguntas 66, 69 e 96 do FAQ são as mais semantically similares à pergunta do usuário, pois tratam da adequação de metas e indicadores no Plano Plurianual, o que está diretamente relacionado à dúvida do usuário sobre incluir produtos ou alterar quantitativos de metas já lançadas."
16,48,"[53, 70, 79]","As perguntas 53, 70 e 79 são relevantes porque tratam de situações de produtos no período de monitoramento, inclusão de produtos no PPA e criação de produtos durante o monitoramento, respectivamente, o que está relacionado à questão do usuário sobre incluir um produto que já existe, mas não está na relação de produtos no SIPLAG."
17,57; 72,"[16, 57, 71]","A pergunta do usuário está relacionada à associação de ações a uma iniciativa no Plano Plurianual. A pergunta 16 do FAQ define o conceito de ""triângulo da iniciativa"", que inclui ações orçamentárias. A pergunta 57 do FAQ discute o papel da ação para a iniciativa, o que está diretamente relacionado à pergunta do usuário. A pergunta 71 do FAQ explica como incluir uma ação orçamentária no Plano Plurianual, o que pode ajudar a resolver o problema do usuário de não conseguir associar ações à sua iniciativa."
18,44; 46; 48,"[70, 53, 55]","As perguntas 70, 53 e 55 do FAQ são as mais similares à pergunta do usuário porque tratam de produtos e como incluí-los ou monitorá-los no Plano Plurianual, o que está relacionado à dificuldade do usuário em cadastrar um produto e encontrar um número na listagem de produtos. A pergunta 70 aborda como incluir um produto no PPA, a pergunta 53 fala sobre as situações possíveis dos produtos no período de monitoramento, e a pergunta 55 discute como incluir um produto no PPA fora da atividade de revisão, todas elas relacionadas ao gerenciamento de produtos no contexto do Plano Plurianual."
20,6; 7; 8,"[29, 96, 88]","As perguntas 29, 96 e 88 são relacionadas à elaboração e revisão de objetivos e metas no Plano Plurianual, o que está relacionado à pergunta do usuário sobre sugestões de alteração nas descrições dos objetivos dos programas. A pergunta 29 trata da elaboração do objetivo de uma iniciativa, a pergunta 96 aborda a alteração de atributos na revisão do Plano Plurianual e a pergunta 88 discute a atividade de revisão do Plano Plurianual, onde é possível realizar alterações."
21,86,"[85, 88, 86]","As perguntas 85, 88 e 86 do FAQ estão relacionadas ao processo de revisão do PPA, o que é o foco da pergunta do usuário. A pergunta 85 aborda o momento em que ocorre a atividade de revisão do PPA, a pergunta 88 descreve como se dá a atividade de revisão do PPA e a pergunta 86 especifica o momento de inserir informações no Sistema de Inteligência em Planejamento e Gestão (Siplag) para a atividade de revisão. Essas perguntas fornecem informações relevantes sobre o processo de revisão do PPA, que é o que o usuário está procurando."
27,102 ; 103,"[101, 102, 103]","As perguntas do FAQ mais similares à pergunta do usuário são relacionadas às ASPLOs, pois a pergunta do usuário menciona explicitamente a criação de ASPLOs e a relação com a REDEPLAN. A pergunta 101 define o que são as ASPLOs, a pergunta 102 explica como formalizar uma ASPLO e a pergunta 103 define o que é a Rede de Planejamento (REDEPLAN), que está relacionada às ASPLOs."
28,102 ; 103,"[101, 102, 109]","A pergunta do usuário está relacionada à criação de ASPLO e publicação no DOERJ, que está relacionada às perguntas 101, 102 e 109 do FAQ, que tratam sobre ASPLOs, formalização de ASPLO e acesso ao Sistema de Inteligência em Planejamento e Gestão (Siplag), que podem ser relevantes para entender o processo de criação e publicação de ASPLOs."
29,102 ; 103,"[86, 88, 95]","A pergunta do usuário está relacionada à criação de uma assessoria de planejamento de acordo com o Decreto 48.413/2023 e à publicação no Diário Oficial. As perguntas do FAQ que são mais similares a essa pergunta são relacionadas à revisão e elaboração do Plano Plurianual (PPA), à inserção de informações no Sistema de Inteligência em Planejamento e Gestão (Siplag) e à relação entre as emendas parlamentares e o PPA. Isso porque a criação de uma assessoria de planejamento pode envolver a revisão e elaboração do PPA, a inserção de informações no Siplag e a consideração de emendas parlamentares."
30,102 ; 103,"[99, 97, 96]","As perguntas 99, 97 e 96 do FAQ tratam sobre a possibilidade de utilização de recursos de outras Unidades de Planejamento, o que está relacionado à administração indireta e à possibilidade de compartilhamento de recursos, que é o tema da pergunta do usuário sobre a possibilidade de um suplente ter nível médio ou superior na administração indireta."
31,102 ; 103,"[86, 88, 90]","As perguntas 86, 88 e 90 do FAQ estão relacionadas à atividade de revisão do Plano Plurianual (PPA) e à inserção de informações no Sistema de Inteligência em Planejamento e Gestão (Siplag), o que está em linha com a pergunta do usuário sobre a resolução publicada no DO de 23/03 e a necessidade de fazer a resolução com a assessoria de planejamento e gestão. A pergunta 86 aborda o momento de inserir as informações no Siplag durante a revisão, a pergunta 88 descreve a atividade de revisão do PPA e a pergunta 90 trata da inclusão de propostas novas na atividade de Revisão no SIPLAG, todas elas relacionadas ao processo de revisão e atualização do PPA."
32,102 ; 103,"[86, 88, 109]","As perguntas do FAQ que melhor representam a pergunta do usuário são relacionadas ao Decreto 48413 e ao Plano Plurianual, especificamente sobre a elaboração e revisão do PPA, bem como o acesso ao Sistema de Inteligência em Planejamento e Gestão (Siplag). A pergunta 86 aborda a atividade de revisão do PPA, a pergunta 88 trata da elaboração do PPA e a pergunta 109 é sobre o acesso ao SIPLAG, que são pontos relevantes para entender o contexto do Decreto 48413 e do Plano Plurianual."
34,,"[103, 104, 107]","A pergunta do usuário faz referência a ""Redes"", o que pode estar relacionado à Rede de Planejamento (REDEPLAN), mencionada nas perguntas 103 e 104 do FAQ. Além disso, a pergunta também pode estar relacionada à consulta da programação do PPA, que é mencionada na pergunta 107 do FAQ. Essas perguntas estão relacionadas à estrutura e funcionamento da REDEPLAN e à consulta da programação do PPA, o que pode ser relevante para a pergunta do usuário."
35,103; 106,"[101, 102, 105]","As perguntas 101, 102 e 105 do FAQ estão relacionadas às ASPLOs, que são mencionadas no decreto citado na pergunta do usuário. A pergunta 101 define o que são as ASPLOs, a pergunta 102 explica como formalizá-las e a pergunta 105 discute as atribuições dos integrantes setoriais, que podem estar relacionados às ASPLOs. Essas perguntas podem fornecer informações relevantes sobre a designação de titulares das ASPLOs e a relação com servidores públicos efetivos."
36,,"[103, 105, 104]","A pergunta do usuário menciona a REDEPLAN e REDOR, que estão relacionadas às perguntas 103, 105 e 104 do FAQ, que tratam sobre a Rede de Planejamento (REDEPLAN) e as atribuições dos integrantes setoriais e do órgão central na Redeplan."
37,103,"[103, 105, 104]","A pergunta do usuário menciona a Redeplan e a necessidade de publicação em Diário Oficial do titular e suplente, o que está relacionado às atribuições e funcionamento da Rede de Planejamento (REDEPLAN), que é abordada nas perguntas 103, 105 e 104 do FAQ. Essas perguntas tratam da definição da Redeplan, das atribuições dos integrantes setoriais e do órgão central, respectivamente, o que pode estar relacionado à gestão e publicação de informações relevantes à Redeplan."
38,103,"[86, 87, 88]","A pergunta do usuário menciona o alinhamento de informações para sanar dúvidas e preparar o órgão, o que sugere um contexto de planejamento e organização. As perguntas do FAQ com os índices 86, 87 e 88 estão relacionadas ao processo de revisão e elaboração do Plano Plurianual (PPA), o que pode estar diretamente relacionado ao alinhamento de informações para preparar o órgão. Além disso, a menção a ""asplo"" pode ser uma referência às ASPLOs (Atos de Sistema de Planejamento e Orçamento), que também são mencionadas no FAQ."
39,102; 103,"[86, 88, 99]","A pergunta do usuário está relacionada à publicação da RIPLO e a menção de nomes de representantes na Portaria, o que sugere uma relação com a elaboração e revisão do Plano Plurianual (PPA) e a utilização de iniciativas e unidades de planejamento. As perguntas do FAQ 86, 88 e 99 tratam de aspectos relacionados à revisão do PPA, elaboração do PPA e utilização de iniciativas de outras unidades de planejamento, respectivamente, o que pode estar relacionado à questão do usuário sobre a publicação da RIPLO e a menção de representantes."
40,102; 103; 106,"[3, 4, 57]","A pergunta do usuário está relacionada à estrutura e conteúdo do Plano Plurianual, especificamente ao artigo 3, que provavelmente trata da indicação de nomes de representantes, governança e responsáveis pela execução orçamentária. As perguntas do FAQ que melhor se alinham com essa questão são: a pergunta 3, que trata da estrutura do Plano Plurianual 2024-2027, a pergunta 4, que aborda os principais elementos do Plano Plurianual e suas funções, e a pergunta 57, que discute o papel da ação para a iniciativa, o que pode estar relacionado à execução orçamentária e governança."
42,102; 103,"[88, 86, 109]","A pergunta do usuário está relacionada ao atendimento ao Decreto 48.413/23 e a necessidade de um passo a passo para atender às exigências do Plano Plurianual. As perguntas do FAQ que melhor se relacionam a essa necessidade são: 88, que trata da atividade de revisão do Plano Plurianual, 86, que aborda o momento de inserir informações no Sistema de Inteligência em Planejamento e Gestão (Siplag) durante a revisão, e 109, que fornece informações sobre como acessar o SIPLAG, que é uma ferramenta importante para o planejamento e gestão. Essas perguntas oferecem orientações sobre como proceder com a revisão e o acesso ao sistema, o que é relevante para a situação do usuário."
44,73; 76,"[72, 82, 86]","As perguntas do FAQ que são mais similares à pergunta do usuário são relacionadas ao monitoramento e ao prazo de envio de dados do Plano Plurianual. A pergunta 72 trata do monitoramento do PPA, a pergunta 82 fala sobre a dificuldade de obter informações para o monitoramento e a pergunta 86 aborda o momento de inserir informações no Sistema de Inteligência em Planejamento e Gestão (Siplag) para a atividade de revisão, que pode estar relacionada ao prazo de envio de dados do primeiro quadrimestre do PPA 2024."
45,73 ; 74,"[72, 73, 76]","As perguntas 72, 73 e 76 do FAQ estão relacionadas ao monitoramento do Plano Plurianual (PPA), que é o tema principal da pergunta do usuário. A pergunta 72 discute como se dá a atividade de monitoramento do PPA, a pergunta 73 aborda as etapas do monitoramento do PPA e a pergunta 76 trata dos períodos de monitoramento do PPA. Essas perguntas fornecem informações relevantes sobre o processo de monitoramento do PPA, que é o foco da pergunta do usuário."
46,73 ; 74,"[85, 86, 88]","As perguntas do FAQ mais similares à pergunta do usuário estão relacionadas ao Plano Plurianual (PPA) e ao Sistema de Inteligência em Planejamento e Gestão (SIPLAG), especialmente em relação à revisão e elaboração do PPA, que envolvem o lançamento de dados e metas. A pergunta 85 se refere ao momento da atividade de revisão do PPA, a pergunta 86 trata da inserção de informações no SIPLAG durante a revisão, e a pergunta 88 aborda a atividade de revisão do PPA, todas elas estão diretamente relacionadas ao processo de atualização e monitoramento do PPA, que é o contexto da pergunta do usuário."
